{
    "lighting": "none",
    "matrix": { "rows": 4, "cols": 17 },
    "layouts": {
        "labels": [
            ["Bottom Row", "Split Spacebar", "Big Bar"],
            "2u Zero Numpad",
            "2u Enter Numpad"
        ],
        "keymap": [
            [
                "0,0\n\n\n\n\n\n\n\n\ne",
                "0,1\n\n\n\n\n\n\n\n\ne",
                {
                    "x": 15.5
                },
                "1,0\n\n\n\n\n\n\n\n\ne",
                "1,1\n\n\n\n\n\n\n\n\ne"
            ],
            [
                {
                    "y": 0.25,
                    "x": 0.5
                },
                "0,0",
                "0,1",
                "0,2",
                "0,3",
                "0,4",
                "0,5",
                "0,6",
                "0,7",
                "0,8",
                "0,9",
                "0,10",
                "0,11",
                {
                    "w": 1.75
                },
                "0,12",
                {
                    "x": 0.7699999999999996
                },
                "0,13",
                "0,14",
                "0,15",
                "0,16"
            ],
            [
                {
                    "x": 0.5,
                    "w": 1.25
                },
                "1,0",
                "1,1",
                "1,2",
                "1,3",
                "1,4",
                "1,5",
                "1,6",
                "1,7",
                "1,8",
                "1,9",
                "1,10",
                "1,11",
                {
                    "w": 1.5
                },
                "1,12",
                {
                    "x": 0.7699999999999996
                },
                "1,13",
                "1,14",
                "1,15",
                "1,16"
            ],
            [
                {
                    "x": 0.5,
                    "w": 1.75
                },
                "2,0",
                "2,1",
                "2,2",
                "2,3",
                "2,4",
                "2,5",
                "2,6",
                "2,7",
                "2,8",
                "2,9",
                "2,10",
                {
                    "w": 1.25
                },
                "2,11",
                {
                    "x": 1.5199999999999996
                },
                "2,13",
                "2,14",
                "2,15",
                {
                    "c": "#707070"
                },
                "2,16\n\n\n2,0",
                {
                    "x": 0.5,
                    "h": 2
                },
                "3,16\n\n\n2,1"
            ],
            [
                {
                    "y": -0.7400000000000002,
                    "x": 13.76,
                    "c": "#cccccc"
                },
                "2,12"
            ],
            [
                {
                    "y": -0.2599999999999998,
                    "x": 0.5,
                    "w": 1.25
                },
                "3,0",
                "3,1",
                {
                    "w": 1.25
                },
                "3,2",
                {
                    "c": "#b5b1b1",
                    "w": 2.75
                },
                "3,3\n\n\n0,0",
                {
                    "w": 2.25
                },
                "3,6\n\n\n0,0",
                {
                    "w": 1.25
                },
                "3,8\n\n\n0,0",
                {
                    "c": "#cccccc"
                },
                "3,9",
                {
                    "w": 1.25
                },
                "3,10",
                {
                    "x": 3.5199999999999996,
                    "c": "#909090"
                },
                "3,14\n\n\n1,0",
                "3,15\n\n\n1,0",
                {
                    "c": "#707070"
                },
                "3,16\n\n\n2,0"
            ],
            [
                {
                    "y": -0.7400000000000002,
                    "x": 12.76,
                    "c": "#cccccc"
                },
                "3,11",
                "3,12",
                {
                    "x": 0.019999999999999574
                },
                "3,13"
            ],
            [
                {
                    "y": 0.2400000000000002,
                    "x": 4,
                    "c": "#b5b1b1",
                    "w": 6.25
                },
                "3,6\n\n\n0,1",
                {
                    "x": 5.75,
                    "c": "#909090",
                    "w": 2
                },
                "3,14\n\n\n1,1"
            ]
        ]
    }
}
